"","Pop","PPop_npl_ori","PR_npl_ori","PPop_ipl_ori","PR_ipl_ori","Gini_ori","PPop_npl_tax","PR_npl_tax","PPop_ipl_tax","PR_ipl_tax","Gini_tax","CO2_ori","CO2_tax","IPL_Change_rate","NPL_Change_rate"
"Afghanistan",36296111,20146792.2613447,0.555067518427655,30118308.7903503,0.829794376327269,0.322913307273083,14310939.7231723,0.394283005228088,22478251.4185213,0.619301925171028,0.40034589518946,17.6391036073484,24.2806627529004,-0.253668206439162,-0.289666586247061
"Angola",29816769,9496876.06544852,0.318507886131073,9101689.61662985,0.305254054073728,0.520802267453499,8254379.94524225,0.276836834508871,7917024.11637838,0.265522535871623,0.497141774313756,24.8007798514595,25.295767521909,-0.130158855130254,-0.13083208748261
"Albania",2873457,453145.008301394,0.157700292122483,12615.7849393865,0.00439045544770166,0.356818246408467,457453.876061519,0.159199833532055,9721.72247394485,0.00338328448066035,0.357051361152957,7.46329645956141,7.34161172373218,-0.229400110999543,0.00950880552844735
"United Arab Emirates",9487206,38814.0358784394,0.00409119775394773,5078.07693418142,0.000535255262105769,0.393923873121619,37603.0380034513,0.00396355238870656,4919.64093964636,0.00051855529854062,0.390655722305095,250.990547585367,246.302888341052,-0.0311999988555908,-0.031199998855591
"Argentina",44044811,18434874.9816326,0.418548168628368,469267.363419145,0.0106543166553523,0.502613348834742,18156532.2985638,0.41222863457318,227500.604982023,0.00516520788299043,0.497525381247389,196.278344779157,192.600642145516,-0.515200453480456,-0.0150987019627799
"Armenia",2944789,752638.264186004,0.255583087340385,21874.4891861724,0.00742820255922322,0.366079975043305,660326.006043121,0.224235422654432,16420.2228275853,0.00557602695051675,0.367635171126257,7.29830455803336,7.04043940881142,-0.24934371322531,-0.122651561228715
"Australia",24601860,246563.885666295,0.0100221644081502,123971.862078677,0.00503912558150795,0.314599957343005,207843.824596691,0.00844829718552545,104414.795284771,0.00424418297172534,0.312966853936909,381.087333963713,372.062709633503,-0.157754077949518,-0.157038655377163
"Austria",8797566,62658.5292777772,0.00712225736956986,26864.5872604228,0.00305363861554694,0.127960344506615,52716.9523884608,0.00599222016503892,23053.6308680332,0.00262045557464794,0.13424513127357,81.6669338940465,79.6611685185649,-0.141857991542792,-0.158662787076337
"Azerbaijan",9854033,549153.135352998,0.0557287696675055,0,0,0.429445796262849,307554.621736491,0.0312110403665678,0,0,0.426380642259438,33.7393789330447,32.1443040555225,NA,-0.439947435538552
"Burundi",10827010,7046067.03578907,0.65078604672842,7046067.03578907,0.65078604672842,0.547509056327696,4193896.27184516,0.387354982755642,4193896.27184516,0.387354982755642,0.477056941852085,1.36793145777902,1.51595521536183,-0.404789047486618,-0.404789047486618
"Belgium",11375158,1818387.2886408,0.159856002759768,15192.9663280631,0.0013356268394745,0.132249017612084,1818387.2886408,0.159856002759768,11990.4209321089,0.0010540882976842,0.135686689613143,136.927246214185,134.115105279094,-0.210791317956045,0
"Benin",11175192,4347839.54769217,0.389061731350313,2147617.43603388,0.192177229351754,0.447475388707769,3955913.26872043,0.35399063109792,1633691.25344246,0.146189099340974,0.439505810975697,11.2096782503942,10.9724608831249,-0.239300619360085,-0.0901427650842769
"Burkina Faso",19193236,8021160.85743984,0.417916022990591,5794694.82400215,0.301913383652561,0.376373588652913,6523122.2139197,0.339865680488673,4431972.37945898,0.230913243574923,0.358312440216499,5.49860039856134,5.51777770538887,-0.235167249688225,-0.186760828032849
"Bangladesh",159685421,39267400.3030432,0.245904729793982,19777991.1018952,0.123855959911927,0.310566731785673,33647307.5792716,0.210709953160167,16095965.2775413,0.100797963751126,0.305256478413106,120.389487665225,118.418201945496,-0.186167837035839,-0.14312362622427
"Bulgaria",7075947,2135625.14345298,0.30181474556734,96823.6743606437,0.0136834934406156,0.278459827508464,2135625.14345298,0.30181474556734,80605.1100881387,0.011391423662181,0.282420145365612,36.3541532271001,35.2151150162966,-0.167506184614468,0
"Bosnia and Herzegovina",3351534,537862.137059381,0.160482375252461,2555.8940651062,0.000762604247817923,0.312310921417696,412527.082903452,0.12308605041854,211.009069796718,6.29589524667565e-05,0.30730595961886,15.2759585335237,14.9511034253925,-0.917442169189453,-0.233024497394751
"Belarus",9458989,544130.104214132,0.0575251862766869,0,0,0.188843760174716,544130.104214132,0.0575251862766869,0,0,0.188067825655599,53.1159906030383,52.2876267970662,NA,0
"Belize",375775,100739.000546815,0.268083295979815,48888.3105699485,0.130099954946307,0.465175266847078,91439.8512918979,0.243336707582723,40156.1652272261,0.10686225860482,0.457984258334525,1.03600518091237,1.03507907988641,-0.178614176700351,-0.0923093261243517
"Bolivia",11192853,4255333.43757136,0.380183089831642,571759.197123914,0.0510825253511249,0.416081216292232,3978150.9110559,0.355418847281913,431385.655950628,0.038541170508594,0.408524356615263,23.2764459784954,22.7281362309562,-0.245511645251006,-0.0651376750099424
"Brazil",207833825,55716776.8220921,0.268083295979815,10449981.3715263,0.0502804650375187,0.502793081543345,53973326.4186881,0.259694621020847,5904393.33829357,0.028409203065447,0.495651976067645,452.517226284222,454.210856923122,-0.434985276205215,-0.0312913004456629
"Bhutan",745563,63044.0576076699,0.0845589944882859,7244.86113352572,0.00971730240573328,0.364677170108049,58056.5006084726,0.0778693425082422,6628.02267535085,0.00888995655008477,0.360606470119301,1.45117086044807,1.43115953492805,-0.0851415157318116,-0.0791122460777413
"Botswana",2205076,442861.831702027,0.200837445830451,334802.944189386,0.151832836686529,0.587890080606119,334802.944189386,0.151832836686529,214733.650404971,0.0973815190065879,0.566565448877877,11.4863985326619,11.2826066943065,-0.358626756031441,-0.244001356128037
"Central African Republic",4596023,3737287.49770565,0.813156830961387,3737287.49770565,0.813156830961387,0.297057666932757,3439994.04357783,0.748471894848619,3439994.04357783,0.748471894848619,0.470971199394094,0.292427144955662,0.379052137325043,-0.0795479219381235,-0.0795479219381235
"Canada",36545236,257878.184164648,0.00705641042144722,92708.1557707161,0.00253680550238384,0.469978522929364,204556.600519549,0.00559735338744424,65405.4682951983,0.00178971257143334,0.466730676334514,507.211489801369,490.434440598474,-0.294501462665726,-0.206770432395532
"Switzerland",8451840,1304737.31833001,0.154373168248572,0,0,0.343701063184984,1135567.29538863,0.134357405652334,0,0,0.341677112122385,102.374083297341,100.131989055856,NA,-0.129658300230051
"Chile",18470435,2023927.04942036,0.109576577347548,62019.0753349726,0.00335774849563492,0.494946061951861,1850685.83543981,0.100197198140694,40730.6172661226,0.00220517910196065,0.491187706021956,87.6238814256207,87.1364408654672,-0.3432566182883,-0.0855965703063079
"China",1396215000,44071542.6984802,0.0315650116196146,1094370.34124,0.000783812193136446,0.407191006968709,27783961.2330145,0.0198994862775536,0,0,0.39693100807223,8295.086631422,8005.04332924443,-1,-0.369571393878784
"Cote d'Ivoire",24437475,9405810.31038626,0.384892887271957,2828217.12429269,0.115732788444497,0.425846684228007,9028576.69291709,0.369456201711392,2534262.01318175,0.103703922487153,0.425446656342312,14.9580044076186,14.7980179754074,-0.10393654312678,-0.0401064453801083
"Cameroon",24566070,9431652.3795467,0.383930045772348,6047933.39050781,0.246190513603023,0.451638599846971,9387262.10198031,0.382123070640941,6028927.72660288,0.24541685856154,0.459796654713255,9.60707200903254,9.65235194121349,-0.00314250549365518,-0.0047065218033958
"Congo, Dem. Rep.",81398765,51879647.0576142,0.637351771339702,56007549.1791541,0.688063869017596,0.406370605666777,40238131.9668094,0.494333445560376,43579540.4197728,0.53538331226245,0.414329774788638,7.26121004128379,8.57790413436233,-0.221898814383526,-0.224394647054489
"Congo, Rep.",5110701,2059401.06693832,0.402958628755295,1769753.05574662,0.34628381815853,0.359543501879506,1736613.99610792,0.339799568808256,1332563.51690241,0.260739870499646,0.341025165016801,4.74972803135106,4.84494405997415,-0.247034204814392,-0.156738323589527
"Colombia",48909844,17531817.1788368,0.358451709206777,2240795.91276024,0.0458148243686943,0.494737538554344,17121468.338132,0.350061806333547,1540860.22193995,0.0315040919357656,0.489121255176444,89.7196372742571,89.0692458908518,-0.312360303245153,-0.0234059502514182
"Comoros",813890,351281.81136441,0.43160846227919,157310.362053798,0.193282092240718,0.577294650333006,339995.76203855,0.417741662925641,152135.183508693,0.186923519773794,0.57181465185697,0.685304072785217,0.670846426518686,-0.0328978871928051,-0.0321281915565854
"Cabo Verde",537499,186417.747107195,0.346824360802894,23012.43794772,0.0428139176960701,0.447536227523343,180858.747612951,0.33648201692087,17223.918432941,0.0320445590279069,0.444571417080779,1.47811114473684,1.46008694113873,-0.251538734310962,-0.0298201194924192
"Costa Rica",4949955,1497730.26117311,0.302574520611422,59665.4077581197,0.0120537273082522,0.496635372329324,1411048.15034963,0.285062823874082,46609.4174543539,0.00941612953135005,0.494420599428989,14.7703939428239,14.666814261156,-0.21882009684228,-0.0578756489540278
"Cyprus",1179685,194395.932788176,0.164786305486784,1016.88872580777,0.000862000216844129,0.221336772548155,176236.894629895,0.149393180916851,897.665393866904,0.000760936515991052,0.232978858445472,8.92175730450996,8.68818038876338,-0.117243242957736,-0.0934126444819633
"Czech Republic",10594438,884765.450845394,0.0835122590594606,0,0,0.138256587480801,884765.450845394,0.0835122590594606,0,0,0.143823905158533,75.3782787979962,71.1436653534935,NA,0
"Germany",82657002,14394965.6726802,0.174153009719372,192011.309077351,0.0023229890321615,0.195338784391303,14394965.6726802,0.174153009719372,192011.309077351,0.0023229890321615,0.195058593429502,770.897829584022,751.471605096914,0,0
"Djibouti",944100,211417.084539508,0.223935054061549,178520.302913852,0.189090459605817,0.312105649511618,139134.915803121,0.147373070440759,92142.0194768337,0.0975977327368221,0.293102580561722,1.43373028805474,1.42891428397331,-0.483856917264484,-0.341893697445629
"Denmark",5764980,638777.460592575,0.110803066201891,9292.91051673094,0.00161195884751221,0.141137043436777,638777.460592575,0.110803066201891,5959.83121610509,0.00103379911397873,0.144999387426408,50.7414364439255,49.8458253419609,-0.358669040730024,0
"Dominican Republic",10513111,2163594.90165543,0.205799682097471,98992.8149534611,0.00941612953135005,0.450854028390314,2043474.26013389,0.194373888008401,72006.7242910843,0.00684923085955093,0.449592967738046,29.0986787043659,28.865969588598,-0.27260655912314,-0.0555190074766905
"Algeria",41389174,2330945.17201556,0.056317750434342,0,0,0.283082882454535,1642659.40438469,0.0396881417441357,0,0,0.283494472048385,155.582710182195,150.568351715898,NA,-0.295281834980145
"Ecuador",16785356,5692681.27471989,0.339145697876166,537271.388300043,0.0320083403831317,0.460369881507598,5366277.08597862,0.319699926887378,299075.25020711,0.0178176292601188,0.452267322603539,40.5717518490772,40.6613171375182,-0.443344170711562,-0.0573375133771801
"Egypt, Arab Rep.",96442590,29244304.1540833,0.303230182371536,2630304.52618148,0.0272732671963858,0.329355705754106,25277491.6221853,0.262098846808089,2040352.42340101,0.0211561346849043,0.323009255739158,218.113558403137,212.720460927441,-0.224290418431866,-0.135643936371251
"Eritrea",3213969,2417586.31499685,0.752212082629561,2417586.31499685,0.752212082629561,0.385430627513374,1225165.2733231,0.38120009039387,1225165.2733231,0.38120009039387,0.326247504237336,1.07169889965653,1.32885292215194,-0.493227908462621,-0.493227908462621
"Spain",46593236,9322909.42182438,0.200091477265592,305242.489490027,0.00655121892564035,0.207901207688901,9322909.42182438,0.200091477265592,259544.482378617,0.00557043263487037,0.207848159363095,278.123259050342,272.662667714585,-0.149710504549214,0
"Estonia",1317384,193225.537841832,0.146673663747117,3609.43971606109,0.00273985391963246,0.27644652919603,193225.537841832,0.146673663747117,3249.38843358508,0.00246654615023796,0.275559625503208,15.0151330779031,14.550524044525,-0.099752679307502,0
"Ethiopia",106399926,24989403.057065,0.234862974031251,28466471.4629731,0.267542211100533,0.320765589276437,17995037.6189709,0.169126411036892,20847470.9366773,0.195935013495003,0.306794093954258,30.770367944034,31.0809642154086,-0.267648223848396,-0.279893258039096
"Finland",5508214,718615.936697671,0.130462603068376,3357.09757377465,0.000609471159576343,0.176016314593189,718615.936697671,0.130462603068376,2514.76013509944,0.000456547282857827,0.175699606713892,53.3295043001434,52.4888593684141,-0.250912408759124,0
"Fiji",877460,215991.680807768,0.246155586360368,11822.1886754995,0.0134731938498616,0.58837744256278,177163.695761825,0.201905153239834,3756.40347789152,0.00428099682936147,0.580046453802569,2.5947519961702,2.58466041160613,-0.682258202689968,-0.17976611367963
"France",66918020,12156148.9446177,0.18165733153219,10693.4719969603,0.000159799587569391,0.179055864400761,12156148.9446177,0.18165733153219,9863.97936357581,0.000147403933403526,0.180103102241133,441.300575908987,431.592759666263,-0.0775700009894133,0
"Micronesia, Fed. Sts.",111461,45356.3282768324,0.406925545947304,18627.5013337543,0.167121247196367,0.457786729542352,40650.8837217162,0.364709483332432,12701.0904457817,0.113950982368557,0.4422417905,0.177720444079477,0.179310053850669,-0.31815382974814,-0.10374394784332
"Gabon",2064812,683744.572323753,0.33114132052882,48788.1665515865,0.0236283819309392,0.424373699104806,630510.535045388,0.305359778539348,41751.1602232344,0.0202203204084606,0.420324057635034,3.85192546677114,3.74927280498623,-0.144235924932976,-0.0778566140531771
"United Kingdom",66058859,18753337.6102702,0.283888306491491,173104.305321432,0.00262045557464794,0.220647603872985,18753337.6102702,0.283888306491491,173104.305321432,0.00262045557464794,0.221881830689725,582.445840837237,567.059124999567,0,0
"Georgia",3728004,835650.812061987,0.224155020236563,232791.274498931,0.0624439443999875,0.520562444155053,775432.138764321,0.208001959966867,166093.972340944,0.0445530563649995,0.511151200449871,13.5286518315238,13.1895645354422,-0.286511177455208,-0.0720620053597205
"Ghana",29121464,6908420.02183623,0.237227771991004,7551880.06502938,0.259323503276806,0.385860864889101,6011052.96999475,0.206413144957092,6586984.33313492,0.226190013425662,0.378374866821835,23.878761443647,24.0659706984845,-0.127768942777921,-0.129894686340013
"Guinea",12067516,5330193.71556491,0.441697671299124,1572267.74012905,0.130289260866035,0.37470705752867,5157003.13047235,0.427345870556323,1530650.64758439,0.126840573286531,0.376033241228769,4.4920373207962,4.43415561809308,-0.0264694692147326,-0.0324923622544566
"Gambia, The",2213900,969974.660344577,0.438129391727077,295526.472781634,0.133486820895991,0.363649111210377,917929.128329933,0.414620862879955,272081.939739523,0.122897122606948,0.358145074611182,1.24615355985714,1.22136592785767,-0.0793314142771706,-0.0536565893341534
"Guinea-Bissau",1828146,901724.08213932,0.49324511397849,422143.122588521,0.230913243574923,0.369138669951724,883707.6483357,0.483390083907795,413708.716480214,0.22629960434244,0.375406163371236,1.12765638841425,1.11624115630882,-0.0199799680653053,-0.0199799851866842
"Greece",10754679,3221779.63188915,0.299570041271259,101005.559891921,0.0093917782103883,0.205004025899877,3221779.63188915,0.299570041271259,82933.178874131,0.00771135790051297,0.205851982297663,74.9434683607016,73.2081347988262,-0.178924616002601,0
"Guatemala",16087418,9639088.13432086,0.599169371636944,1479783.30282603,0.0919838909404874,0.448625222288617,9354659.57956818,0.581489184875297,1281560.38425367,0.0796622791956837,0.445027283831403,21.7409206651319,21.6554348367529,-0.133954017587445,-0.0295078280008604
"Guyana",775218,138143.765488173,0.17819989407905,58592.7654062366,0.075582307694399,0.481852813187384,118586.969675595,0.152972415082718,43324.1305067028,0.0558863835807512,0.475149505493818,2.95061407791226,2.93264355589725,-0.260589081154867,-0.141568428683468
"Honduras",9429016,4747830.86675784,0.503534076806937,1346502.25086787,0.142804111358796,0.529769081518055,4668975.84762319,0.495171060015508,931438.266694426,0.0987842492466262,0.517470190172623,8.23913947337832,8.1806333084173,-0.308253464786945,-0.0166086411558494
"Croatia",4124531,857809.416912528,0.207977444444599,20920.8711488091,0.00507230304459079,0.195437146085468,737704.063471001,0.178857684296954,18679.8629499382,0.00452896655400049,0.204448327973319,21.9733348412074,21.3868194528087,-0.107118302241371,-0.140014030008923
"Haiti",10982367,6285658.07407289,0.572340923780174,3288145.20570366,0.299402233207437,0.405860540205896,5737979.13915554,0.522471989795601,2613611.37217624,0.237982519813464,0.389763602313307,6.41326442178614,6.46869541549316,-0.205141133170569,-0.0871315188423025
"Hungary",9787966,1180426.90922184,0.120599817083738,61643.5238948141,0.00629788905016774,0.21940051438934,1180426.90922184,0.120599817083738,61643.5238948141,0.00629788905016774,0.219097496727621,46.1681580231434,44.5141936437323,0,0
"Indonesia",264650969,25395741.8030421,0.0959593758488829,12480468.7210126,0.0471582203842698,0.407080529817391,16068441.4520687,0.0607155965186309,7180623.27708336,0.0271324276809406,0.400891003918934,504.664747351017,491.323762932369,-0.424651153927112,-0.367278121793477
"India",1338676779,313863856.937386,0.23445828138727,191509315.688858,0.143058667105526,0.472552734794369,270136387.601605,0.201793585904582,127575611.222535,0.0952997864935213,0.458279128908795,1970.06882831087,1948.54406018334,-0.333841224571004,-0.139319862320127
"Ireland",4807388,708263.254719521,0.147328082259955,11915.812884684,0.00247864596838949,0.186240578759682,607271.55070785,0.126320478128216,10624.5871679116,0.00221005401850478,0.187217249440009,53.8740658374775,52.5992733493098,-0.108362369337979,-0.142590630445264
"Iran, Islamic Rep.",80673888,852709.575352036,0.0105698336412401,261933.63220809,0.00324682048555897,0.392108244190036,569572.441742503,0.00706018336121972,169428.323551192,0.00210016311041302,0.380019165881114,530.97286302843,511.611806776728,-0.353163157694116,-0.332044041481111
"Iraq",37552789,6736470.620944,0.17938669271526,32171.9607495258,0.000856712952785632,0.347431815194493,5935822.46273694,0.158066088320016,19031.6811281368,0.000506798073723281,0.338877342143789,162.906805927222,155.639690656467,-0.408438880169362,-0.118852764787217
"Iceland",343400,18006.385790747,0.0524356021862173,0,0,0.307049698797156,10835.8490946885,0.0315545984120224,0,0,0.304807165338421,4.17134578525594,4.09776052802729,NA,-0.398221874138856
"Israel",8713300,369007.550247756,0.0423499191176427,38792.4311727675,0.00445209405997354,0.388712084051319,343449.605301225,0.0394167083999432,30265.78310934,0.00347351555774965,0.385494064915905,84.6912832614868,82.9218007017221,-0.219801848083531,-0.0692613062507014
"Italy",60536709,12231301.3566913,0.202047675843946,865622.931904265,0.0142991409048065,0.351176641438621,10898204.2555726,0.18002637466752,714984.560458515,0.0118107603183139,0.349131751662659,399.799484236402,392.144789245556,-0.174023083138941,-0.108990618597534
"Jamaica",2920848,413398.235832699,0.141533635380102,1625.12825406816,0.000556389190422838,0.515267797759526,328174.858067658,0.112356020603488,11.4984717677327,3.93668953938471e-06,0.510236477500869,8.99630946268596,8.91399929792992,-0.992924575805664,-0.20615322073975
"Jordan",9785840,1476912.43341537,0.150923419289031,5237.92235412512,0.000535255262105769,0.373114131760011,1336867.77189452,0.136612469843623,0,0,0.368457131942861,32.843369669361,32.0359377532689,-1,-0.0948225895810187
"Japan",126972000,1825558.91043779,0.0143776494852234,904327.262729024,0.00712225736956986,0.207890475874902,1571735.51301965,0.0123785993212649,787557.864879331,0.00620261053523085,0.210563388967275,1213.02396623451,1195.37125458061,-0.12912294327754,-0.139038732722827
"Kazakhstan",18037776,691050.504898197,0.038311292084911,7400.76199741673,0.000410292377364966,0.331324235314856,206598.801242003,0.0114536737368289,113.188124666373,6.27505988911125e-06,0.318698004505747,158.224402907424,147.95002224968,-0.984705882352941,-0.701036610526117
"Kenya",50221146,17655403.610546,0.351553180617304,15128294.271423,0.301233553519925,0.547501803819353,13903914.8960982,0.276853795731745,11524472.007878,0.229474492833716,0.523540511634737,31.2066639264812,31.6184551562033,-0.238217356093642,-0.212483882963004
"Kyrgyz Republic",6198200,1674023.83431898,0.270082255222319,83850.4707942788,0.0135281970240197,0.335773280704797,1399999.01998439,0.225871869249845,43433.7576810124,0.00700747921671007,0.325902555332841,15.7820235575653,14.8462819779568,-0.482009376100297,-0.163692301577095
"Cambodia",16009413,5507226.9536602,0.343999305512338,621678.944747564,0.0388320886435726,0.325533753474361,5276235.61003795,0.329570834985515,607041.326824894,0.037917775425301,0.326852614242746,16.0568543804045,15.7594915648218,-0.023545301069531,-0.0419433129533051
"Kiribati",114153,25451.8166429083,0.222962310608642,1713.93306152278,0.0150143497019156,0.457786729542352,20266.5995472227,0.177538913101037,713.751149312825,0.00625258336892439,0.452107287900193,0.0912151754418087,0.0911421994237647,-0.583559495212328,-0.203726797518416
"Korea, Rep.",51361911,640597.312063049,0.0124722250319512,118483.844724865,0.00230684260803429,0.413498072079012,548075.489584962,0.010670854703692,89243.5012863531,0.00173754246189074,0.408726676680082,512.985454980019,502.878445289966,-0.246787597975166,-0.144430550574931
"Lao PDR",6953031,1196776.38141616,0.172122975061691,453809.130283776,0.0652678134591627,0.344274322131133,1120117.88624117,0.161097784008322,420505.320557003,0.060477987306112,0.342350647548424,9.9306372683386,9.69363064382077,-0.0733872624068778,-0.0640541511057269
"Lebanon",6819373,1848625.40743333,0.271084366177555,1049.91241493098,0.000153960256306698,0.471050188060343,1774828.26557763,0.260262675993471,983.838405493782,0.000144271094350431,0.470680500321312,36.4125958116513,35.6852682340382,-0.0629328775405884,-0.0399200084338175
"Liberia",4702224,2693709.58401701,0.572858626900168,1307095.89156433,0.277973973924749,0.43221525317676,2536062.12336717,0.539332478284142,926237.860224643,0.196978676520864,0.408099171500743,2.83188647785756,2.82193608712687,-0.29137726910294,-0.0585242973426811
"St. Lucia",180955,45537.6217484699,0.251651635757342,9098.50155086419,0.0502804650375187,0.479512169692636,43992.6479626121,0.243113746304949,8789.171057897,0.0485710317918654,0.475579609668287,0.743953456663933,0.737963689159615,-0.0339979601297989,-0.0339274148832708
"Sri Lanka",21444000,859701.994714751,0.0400905612159462,303956.032824181,0.0141744092904393,0.360973446414823,672173.126591061,0.0313455104733754,233634.819565115,0.0108951137644616,0.360567299858461,38.4012182179145,37.8585519857924,-0.231353240814738,-0.218132410156744
"Lesotho",2091532,1025079.01011412,0.490109168836107,619474.262635036,0.296182063021286,0.589316638232024,837155.958716189,0.400259694193629,384093.15511545,0.183642017007366,0.54310901274559,4.73793698527574,4.69471018523975,-0.379969147577421,-0.183325431058247
"Lithuania",2828403,492177.611087707,0.174012547394309,27484.0303291048,0.00971715499138729,0.258425510165576,492177.611087707,0.174012547394309,23072.0475561534,0.00815727021791216,0.259395899969586,16.7892828246152,16.3683101949118,-0.16052895882156,0
"Luxembourg",596336,107473.118950224,0.180222423181267,1123.30045215785,0.0018836703673061,0.160606687455533,107473.118950224,0.180222423181267,829.56713678256,0.00139110692090124,0.163024418835338,13.0208256359781,12.7573838156719,-0.261491317671093,0
"Latvia",1942248,420444.531764831,0.216473144400113,15516.2542889841,0.007988812082177,0.279857691611921,420444.531764831,0.216473144400113,13593.2876480451,0.00699873942361899,0.277762839668178,13.0536781548402,12.8250231511373,-0.123932400508813,0
"Morocco",35581257,1834039.72036204,0.0515451075930803,514732.953119113,0.0144664072188094,0.383516917006877,1530915.59750646,0.0430258997737619,363052.876531741,0.0102034865303309,0.378542787374097,65.2599396242445,64.0238582225483,-0.294677221787025,-0.165276749183894
"Moldova",2755158,710657.290598848,0.257937036859174,2632.0465377819,0.000955316006480174,0.528854833689048,710657.290598848,0.257937036859174,2632.0465377819,0.000955316006480174,0.532258457907636,7.10225802224222,6.84779550347383,0,0
"Madagascar",25570511,18878721.2527112,0.738300507671169,20590519.9371565,0.805244757805446,0.421205108287686,18659926.8696081,0.729743995714754,19055961.3679865,0.745231934081666,0.551582099086214,6.42442703858123,8.5213333071639,-0.0745274317430327,-0.0115894705035549
"Maldives",496398,28004.4480933673,0.0564153120950675,0,0,0.386289084045907,20908.4640973343,0.042120363291823,0,0,0.382208164749449,2.82662588372468,2.80466391100958,NA,-0.253387746559933
"Mexico",124777326,51407575.1863095,0.411994525241786,2226760.52103048,0.0178458746666079,0.413383645924679,49856255.0300363,0.399561816463644,1416106.39983934,0.01134906833826,0.410716068788137,459.115535850148,451.939851393375,-0.364050877287869,-0.0301768786146989
"Marshall Islands",58053,3353.86179268939,0.0577724112912234,470.553017395429,0.00810557623887532,0.378549064832032,1182.41987842152,0.0203679375470952,131.70445804839,0.00226869340169138,0.365200367117329,0.103338309690338,0.1045445614062,-0.72010708001111,-0.647445258180015
"North Macedonia",2074502,367037.760162584,0.176928130299505,100823.656814519,0.0486013784583091,0.219513902258117,337986.726320193,0.162924271136009,85613.7532087503,0.0412695447913525,0.269049003015014,9.31198057486689,8.89332742212788,-0.150856496246211,-0.0791499867194116
"Mali",18512429,7114207.51747732,0.38429357473713,2892165.089034,0.156228287980686,0.438146648231658,6508281.4895062,0.351562806237161,2354529.76603025,0.127186430588349,0.430172677937625,4.0923390101567,4.05113663108594,-0.1858937185302,-0.0851712613783839
"Malta",467999,181089.944203745,0.386945152027558,747.206171576205,0.00159659779524359,0.190967371088272,171368.339059314,0.366172447076412,440.398789004763,0.000941025064166298,0.204213777061005,8.03655754417829,7.92883229930349,-0.410606060606061,-0.0536838485824137
"Myanmar",53382521,13479841.8988603,0.252514149694435,1079062.77113806,0.0202137844171515,0.368576598642497,11902732.187116,0.222970589701375,813379.618666101,0.015236815411286,0.365751235366592,38.2914179185643,37.8171963982549,-0.246216586817978,-0.116997641632399
"Montenegro",622373,86113.2648373742,0.13836279021965,21649.9987570618,0.0347862114151189,0.189915746058508,84128.6190436072,0.135173953631676,16961.9489305207,0.0272536709184374,0.194690904676789,4.11884531281631,3.99678267502673,-0.216538110655179,-0.0230469231135883
"Mongolia",3113788,900553.92934782,0.28921491422917,20301.9726635464,0.00652002405544193,0.382286727248754,813216.439328258,0.26116628342336,8019.09882029129,0.00257535157187686,0.364771843037108,16.2637317728229,15.274224975403,-0.605008884940027,-0.096981965403018
"Mozambique",28649007,13333462.3041951,0.465407485299408,18779397.9858684,0.655499088881803,0.438215424894047,12815098.5518879,0.447313882533099,18032328.8553046,0.629422473711028,0.529463190588821,11.0031304023026,11.9871060417605,-0.0397813141361619,-0.0388769053739405
"Mauritania",4282582,1317638.27814308,0.307673800091411,286985.796830985,0.0670123296719095,0.409922783164265,1199218.44768468,0.280022296755714,204135.709740183,0.0476665034645415,0.398693116934725,5.44815088366708,5.35022014280606,-0.288690548471969,-0.089872791662736
"Mauritius",1264613,134051.256914766,0.106001802064953,1557.29206540746,0.00123143765358055,0.385340143918554,113014.188987771,0.0893666196597465,1210.1057591857,0.000956898085964404,0.383971060076964,6.6350490454137,6.4869873828383,-0.222942320155541,-0.156933015110562
"Malawi",17670193,9073340.87396535,0.513482839376194,11447723.6070877,0.647855040807292,0.373547372353891,3628718.7379101,0.205358183575589,7169792.76602207,0.405756335882809,0.272619358799689,3.21767080994537,3.73462238201059,-0.37369270851517,-0.600068068827637
"Malaysia",31104655,2652939.14930369,0.0852907434370737,5759.50884986804,0.000185165495321136,0.348091098564206,2196242.06380545,0.0706081473594692,2030.88199280197,6.52918990036047e-05,0.339670817811528,187.406912032536,183.078673458481,-0.647386253630203,-0.172147591707148
"Namibia",2402623,400610.767624673,0.166738921430733,358787.195550768,0.149331457973543,0.647556583369192,284536.96075409,0.1184276354443,252092.118054196,0.104923709651575,0.631210956927626,8.98044237140684,8.85171373709664,-0.297377049180328,-0.289742104434223
"Niger",21602388,8446320.05742974,0.390990109863305,11051815.8386732,0.511601580282383,0.381505571393747,4863871.86642841,0.225154361009922,7208632.85063416,0.333696110385304,0.351338778557004,3.25109711071933,3.28753839955126,-0.347742221200495,-0.424143078481859
"Nigeria",190873247,67848129.9710319,0.355461705804334,61587049.9242393,0.322659413470549,0.393460646403056,46605475.0120951,0.244169760532732,40899935.8471629,0.214277990708477,0.358554192033467,121.278450187268,123.213173992811,-0.335900389814489,-0.313091237267799
"Nicaragua",6384843,1632217.81867893,0.255639460309194,263688.606812715,0.0412991528237601,0.462744951889668,1510752.99572746,0.236615527700127,191639.282677905,0.0300147212199117,0.459009908419911,7.2964231151212,7.16298853303087,-0.273236394267056,-0.0744170426038973
"Netherlands",17131296,3201236.39881435,0.186864811559753,33992.2510468498,0.00198421946867591,0.1425979021302,3201236.39881435,0.186864811559753,29869.6011817891,0.00174356926538361,0.146308447564427,179.628348805395,176.137286026387,-0.121282049234651,0
"Norway",5276968,1154372.81065045,0.218756833592785,16113.9532578055,0.00305363861554694,0.113733835494748,1154372.81065045,0.218756833592785,13828.0602128388,0.00262045557464794,0.123279333282532,55.7037648144208,54.8885768584854,-0.141857991542792,0
"Nepal",27632682,6718469.36157251,0.243134899521245,2078468.97521676,0.0752177792664772,0.394635681531188,5893765.18532803,0.21328965408888,1343159.36985785,0.0486076367779954,0.385618383353422,30.3695076554874,29.4322296635849,-0.353774636103107,-0.122751795365999
"Nauru",10577,5586.51092019197,0.528175372997255,158.806776797162,0.0150143497019156,0.457786729542352,5272.95791995782,0.498530577664538,53.5675392226976,0.00506453051174224,0.442788620771498,0.053005755995886,0.0532391772554961,-0.66268732164297,-0.0561268034223008
"Pakistan",207906210,41940025.0868686,0.201725696826798,10896378.198927,0.0524100660529908,0.325635524024701,35007686.4021123,0.168382110385795,6486160.3111652,0.0311975304208816,0.322142485634316,228.669618312945,222.404411628304,-0.404741631324441,-0.165291715262394
"Panama",4106764,905519.752178001,0.220494713642664,80953.1755493461,0.0197121567125226,0.501082684938675,787275.422247605,0.191702133905821,55987.1388934341,0.0136329087557586,0.496214108822056,22.1976988026254,22.0068826307196,-0.308400955076724,-0.13058172353059
"Peru",31444299,6638115.28389536,0.211107116234182,1479285.05346423,0.0470446185957024,0.384792599114583,6057901.24380796,0.192654994274414,1234141.08890439,0.0392484847222826,0.382819005153208,64.2286200935695,63.870430620901,-0.165717867550785,-0.0874064422314338
"Philippines",105172921,18276528.639905,0.173775991634814,3139023.04505507,0.0298463046876398,0.431513877404933,16009851.0527525,0.152224079169129,2011902.03257917,0.0191294680555575,0.427975768006847,170.705713303545,167.931828259058,-0.35906745388552,-0.124021231373413
"Papua New Guinea",8438038,4488160.13859432,0.531896175223947,2434916.6861126,0.288564318638125,0.609758973713374,4095767.82196244,0.48539338433442,1897632.84315929,0.224890293591862,0.590603582123212,11.0020538230799,11.0641093835935,-0.220657998697731,-0.0874283235256352
"Poland",37974826,7710388.15135171,0.203039459650235,146267.877999294,0.00385170633828037,0.199264145499464,7710388.15135171,0.203039459650235,117605.251910231,0.00309692668269844,0.20603494277464,271.636688168438,255.554963153228,-0.195959813467737,0
"Portugal",10300300,2130931.97797895,0.20688057415599,43716.3578636625,0.00424418297172534,0.221859428622124,2130931.97797895,0.20688057415599,36963.8371664617,0.00358861753215554,0.221326720106308,58.7244625175393,57.4938845303212,-0.154462105884022,0
"Paraguay",6867058,1771120.59626899,0.257915485244044,69756.6493529185,0.0101581564263646,0.437528065057218,1667114.43884481,0.242769820619661,55992.4919531956,0.00815378171455601,0.435219532989919,12.3882825427739,12.21499584374,-0.197316779509953,-0.0587233628490805
"Romania",19588715,3052516.49439893,0.155830359183792,670132.889233443,0.0342101505501225,0.252486787459622,3052516.49439893,0.155830359183792,670132.889233443,0.0342101505501225,0.253693580011168,78.5354567559421,76.5455200209225,0,0
"Russian Federation",144496739,17905403.5850199,0.123915624040622,411147.906118292,0.00284537844219648,0.28323200294511,17905403.5850199,0.123915624040622,339580.491478137,0.00235009103892744,0.280241156002715,1254.08296197328,1185.63269776892,-0.174067321212538,0
"Rwanda",11980960,4573157.29076015,0.38170207485545,6261774.59898,0.522643811429134,0.483406570416737,2498985.40721274,0.208579730440027,4199288.74711213,0.350496850595623,0.433999474009291,1.95558262974871,2.07569146448474,-0.329377210767669,-0.45355358490253
"Sudan",40813398,18624721.057456,0.456338407732087,5733552.72900905,0.140482121312444,0.422337145841617,17375888.9685189,0.425739826135498,4440636.46834072,0.108803400009495,0.414939139010075,25.41017568839,25.2661216902602,-0.225500020977707,-0.0670523915544572
"Senegal",15419354,7363366.59234866,0.477540537194273,1441147.84591483,0.0934635683125783,0.460152137605457,7082175.0870086,0.459304267027568,1064309.73209531,0.0690242750828155,0.455001714999818,12.9517839875268,12.7312832295067,-0.261484701162151,-0.0381878997620805
"Solomon Islands",636030,74769.7563841683,0.117556964898147,160606.574630151,0.252514149694435,0.457786729542352,70556.29423288,0.110932336891153,153348.070228004,0.241101945235294,0.459535601272753,0.719182740478227,0.724684627352196,-0.0451943167262118,-0.0563524927062683
"Sierra Leone",7488427,4316148.83068079,0.576375897191865,1888074.26581036,0.252132292377339,0.372120569899318,3909930.14931663,0.522129700845937,1455910.2950805,0.194421377824809,0.358483594339014,3.09334594036065,3.06994736067736,-0.228891404620874,-0.0941160041740446
"El Salvador",6388124,1700383.56739462,0.266178860553524,143196.868459788,0.0224161065846229,0.416683477317426,1600219.28247983,0.250499095271136,113829.859613293,0.0178189809110301,0.413460839859562,10.3195475804676,10.2661551896215,-0.20508136219991,-0.0589068765633065
"Somalia",14589165,10276914.9632685,0.704421052422707,7706254.37965387,0.528217645057402,0.385430627513374,8925837.35542642,0.61181276347388,5319460.8712233,0.364617225949758,0.351344800072038,2.91097065127741,3.10342204589609,-0.309721609337502,-0.131467236293294
"Serbia",7020858,1200351.92756541,0.170969406811163,379970.843839798,0.054120286130242,0.20270023246753,1156905.74242921,0.164781247880132,339198.763698567,0.0483130072846606,0.207635470534682,39.9671484286667,37.9104578129579,-0.107303180763051,-0.0361945394000567
"South Sudan",10910774,9058620.97964596,0.830245496758155,7403710.38363489,0.678568759983012,0.385430627513374,7901669.86605349,0.72420800449661,6541964.52406996,0.599587575003383,0.439707035432389,6.22664394595943,7.21396711474426,-0.116393782969918,-0.127718238371165
"Sao Tome and Principe",207086,133646.222766442,0.645365803417141,34040.7551125505,0.164379799274458,0.355829977778113,135013.190380923,0.651966769269401,28539.5488963465,0.137814960433571,0.352275273185365,0.134797734903019,0.131618084544761,-0.161606468423367,0.0102282547623518
"Suriname",570501,94298.528327419,0.165290732754928,43119.7821219623,0.075582307694399,0.481852813187384,86216.5831337623,0.15112433305772,34025.2365739163,0.0596409762190011,0.479523045352311,2.2319094454498,2.2240889413914,-0.210913532037859,-0.0857059525424926
"Slovak Republic",5439232,672410.538785422,0.123622331017582,12626.0687332857,0.00232129622955698,0.14426273548302,672410.538785422,0.123622331017582,12626.0687332857,0.00232129622955698,0.148057051814722,28.9434196727748,27.9988121977149,0,0
"Slovenia",2066388,257565.508896423,0.124645279055252,0,0,0.141997774648367,257565.508896423,0.124645279055252,0,0,0.143281708582857,16.1538286744974,15.8389828868831,NA,0
"Sweden",10057698,3350374.82786765,0.3331154731299,24307.3414378456,0.00241678975028338,0.111360361731945,3350374.82786765,0.3331154731299,21890.1072387963,0.00217645302521475,0.116413113093212,67.3592962104787,66.4297363747751,-0.0994446145099926,0
"Eswatini",1124808,671305.937173552,0.596818245579292,405542.887818402,0.360544099809392,0.516354047217989,634204.007327277,0.563833122921669,276807.776438844,0.246093356767417,0.478827218317659,2.81482146442167,2.8553792654393,-0.317438957127524,-0.0552682879619516
"Seychelles",95843,24413.2737017739,0.254721510196612,515.631441892477,0.00537995932819796,0.451954213853438,22652.1935276795,0.236346874864931,251.086836121269,0.00261977229553821,0.441038648393762,0.816581126152336,0.812671950842256,-0.51304979541254,-0.0721361745912178
"Syrian Arab Republic",17095669,105906.303855046,0.006194920120122,105906.303855046,0.006194920120122,0.419169492280101,73862.1913951677,0.00432052067662094,73862.1913951677,0.00432052067662094,0.415052351598017,31.0462163050365,30.3618275198815,-0.302570397544391,-0.302570397544391
"Chad",15016761,6196416.20245464,0.412633337006205,4843316.21284686,0.322527355456137,0.37987261974701,6148306.56368308,0.409429607602004,4816216.60172624,0.320722731201904,0.401662628475745,1.1498164191486,1.14366478195903,-0.00559525951428509,-0.00776410705796332
"Togo",7698476,4285167.61102539,0.55662544262337,2145530.34806699,0.278695464929291,0.390185842706235,3995730.45353415,0.519028760177228,1610945.37621503,0.209255101427222,0.368996687888551,4.72523450619515,4.75767327330888,-0.249162158127283,-0.067543952480772
"Thailand",69209817,5902956.74507382,0.0852907434370737,27026.2011567974,0.000390496642359239,0.357080378370825,4886776.9574579,0.0706081473594692,14983.1969002167,0.000216489474321492,0.349248426865431,244.108912553278,240.128262938894,-0.445604773927014,-0.172147591707148
"Tajikistan",8880270,1544889.53559691,0.173968757210863,582452.705919701,0.0655895266607548,0.330862539313906,1356820.99384598,0.152790511307199,413659.126351326,0.0465818186103943,0.328817242919048,8.84851689642938,8.38876716498967,-0.289797914668191,-0.121735915363208
"Turkmenistan",5757667,344710.738549328,0.0598698637050958,12368.1708287309,0.00214812194396287,0.325709245444458,29958.9875105255,0.00520332063499427,631.92679211498,0.000109753966687372,0.260640733028926,54.6045995781897,53.7286836844857,-0.948907012939453,-0.913089485878496
"Timor-Leste",1243260,511760.834768858,0.411628166890963,294185.999739527,0.236624680066541,0.431723876476437,470386.912939181,0.378349591347893,226338.16096175,0.18205215398368,0.415782891335684,0.990270982415765,0.983070589910887,-0.230629053856572,-0.0808462059203185
"Tonga",102002,22094.0183822911,0.216603776222928,1772.8723098087,0.0173807602773348,0.378549064832032,19986.8937494567,0.195946096639838,1584.22484741597,0.0155313116156151,0.373861758980084,0.223142062746125,0.222108618488609,-0.106407811408078,-0.0953708192133703
"Tunisia",11433438,1805530.87865705,0.157916707000733,15818.2599608206,0.00138350861401624,0.356344361091813,1513308.94757919,0.132358171494802,11274.282381381,0.000986079810935347,0.359733279559685,26.0852451578876,25.3928484243942,-0.287261531337475,-0.161848204609611
"Turkiye",81116451,10891549.6703292,0.134270539897378,226665.031791686,0.00279431643023541,0.310373014372294,9893152.91495215,0.121962349104156,98394.9584775396,0.00121300867166316,0.307705848753452,430.160442466369,417.511685869106,-0.565901463936579,-0.0916670984016993
"Tuvalu",11365,3138.81656984117,0.276182716220076,422.533153227674,0.037178456069307,0.378549064832032,2790.82260600329,0.245562921777676,331.896515312646,0.0292033889408399,0.372718670663244,0.0219166344987303,0.0216960759306001,-0.214507754533975,-0.110867887974571
"Tanzania",54660345,13817372.9258344,0.252786054054991,24158667.1864499,0.441977949214369,0.34919238453991,10900446.5364432,0.199421473399833,18609381.3212927,0.340454882260489,0.340583066574498,16.308774836761,16.6606310349701,-0.229701656234979,-0.21110571488864
"Uganda",41166588,8438062.94667619,0.204973580678491,17811952.4149327,0.432679832852134,0.435789432376769,8323029.10037196,0.202179230894043,17566586.2284228,0.426719509239455,0.47065294769616,8.56654383413165,8.95583516072871,-0.0137753672811364,-0.0136327314729907
"Ukraine",44831135,597255.958544613,0.0133223474833866,13980.7909337056,0.000311854494286295,0.301448499471878,766315.696176902,0.017093381556744,26312.5503366661,0.000586925812533323,0.31131488642519,129.821629715791,119.762345246177,0.882050197405527,0.283060780246131
"Uruguay",3436645,410831.564201163,0.11954437080384,2322.18606828472,0.000675713106324545,0.497064163967398,376621.433640821,0.109589856863546,763.94151068876,0.000222292820669217,0.497246414517892,11.2775335674265,11.2043196869576,-0.671024849764496,-0.0832704532497691
"United States",325122128,39442160.306513,0.121314905722175,4102012.23760752,0.0126168349808769,0.487351845788555,36032391.3222711,0.110827249882761,3654291.96412624,0.0112397516176636,0.484501374755163,5522.0861175441,5339.16134274327,-0.109146498729709,-0.0864498536019301
"Uzbekistan",32388600,7511861.52909011,0.231929182770793,2501813.16585858,0.0772436340520608,0.387920428832253,7273312.34146263,0.224563962056484,1324711.45918445,0.0409005470809004,0.370731120914314,103.509888318175,98.6117150174624,-0.470499445257403,-0.0317563345255612
"Venezuela, RB",29402480,9971724.59889001,0.339145697876166,3514900.97167249,0.11954437080384,0.487658415139876,9419293.24182621,0.320357100551593,3287820.49053362,0.111821196393421,0.480407665556258,119.848047845739,118.573893125262,-0.0646050864502224,-0.0553997808087575
"Vietnam",94600643,9879932.08362847,0.10443831849672,1103825.56339092,0.0116682670263765,0.333692529333593,6027534.71853952,0.0637155787465368,460108.314734267,0.00486369119852882,0.32562920226692,197.495591835366,195.225800977876,-0.583169361179832,-0.389921442018064
"Vanuatu",285499,47712.9489533156,0.167121247196367,27396.3058454802,0.0959593758488829,0.457786729542352,40366.7541468664,0.141390177012411,21964.9119886202,0.0769351626051937,0.450842660848897,0.426559011534956,0.422919914516684,-0.198252782236189,-0.153966480119203
"Samoa",195358,37980.152950975,0.194413092634932,2191.31943516801,0.0112169424091566,0.457786729542352,33006.2277282548,0.168952526788024,989.39655171294,0.00506453051174224,0.452166177744619,0.40327608420577,0.401285908860148,-0.548492777531961,-0.13096116882785
"Yemen, Rep.",27834811,13135272.1350735,0.471900891839125,5282935.54108363,0.189795991109249,0.42775918865689,12163637.2278099,0.436993706471005,4639957.73204826,0.166696218345016,0.414231101300809,13.4871449492249,13.4433368862615,-0.1217084335092,-0.0739714333492285
"South Africa",57009751,31619816.9227688,0.554638748076075,14521609.8706528,0.254721510196612,0.591692891296687,29644108.7829689,0.519983130306409,9548942.71888761,0.167496657175149,0.567235171939106,296.698009133376,293.523060448706,-0.342432223152794,-0.0624832251440764
"Zambia",16853608,8902373.12848059,0.528217645057402,10496810.6253236,0.622822758505097,0.39187843186265,8709454.17438628,0.516770899998759,10249809.5802602,0.608167080915862,0.468418221145087,8.40527179509374,9.11829836025317,-0.0235310566113723,-0.0216705086733694
"Zimbabwe",14236599,5378775.36484392,0.377813223849595,5004921.65962313,0.351553180617304,0.617675469338662,3941215.7710509,0.276836888575066,3315447.27670956,0.232881973897667,0.57961105161364,11.8241012260884,11.8189482347729,-0.337562602936085,-0.267265222338345
